script_name,model_type,download_method,civitai_model_id,civitai_version_id,huggingface_model_id,direct_url,output_directory,helper_library,filename,param1,param2,param3,tags
ControlNet/NoobE/NoobE_Canny.sh,ControlNet,huggingface_download,,,Eugeoter/noob-sdxl-controlnet-canny,,ControlNet/NoobE,huggingface_download.sh,NoobE_Canny.safetensors,Eugeoter/noob-sdxl-controlnet-canny,diffusion_pytorch_model.fp16.safetensors,,standard
ControlNet/NoobE/NoobE_DepthMidas_v11.sh,ControlNet,huggingface_download,,,Eugeoter/noob-sdxl-controlnet-depth_midas-v1-1,,ControlNet/NoobE,huggingface_download.sh,NoobE_DepthMidas_v11.safetensors,Eugeoter/noob-sdxl-controlnet-depth_midas-v1-1,diffusion_pytorch_model.fp16.safetensors,,standard
ControlNet/NoobE/NoobE_Inpaint.sh,ControlNet,huggingface_download,,,Zuntan/dist,,ControlNet/NoobE,huggingface_download.sh,NoobE_Inpaint.safetensors,Zuntan/dist,,,minimum;standard
ControlNet/NoobE/NoobE_LineartAnime.sh,ControlNet,huggingface_download,,,Eugeoter/noob-sdxl-controlnet-lineart_anime,,ControlNet/NoobE,huggingface_download.sh,NoobE_LineartAnime.safetensors,Eugeoter/noob-sdxl-controlnet-lineart_anime,diffusion_pytorch_model.fp16.safetensors,,standard
ControlNet/NoobE/NoobE_LineartRealistic.sh,ControlNet,huggingface_download,,,Eugeoter/noob-sdxl-controlnet-lineart_realistic,,ControlNet/NoobE,huggingface_download.sh,NoobE_LineartRealistic.safetensors,Eugeoter/noob-sdxl-controlnet-lineart_realistic,diffusion_pytorch_model.fp16.safetensors,,standard
ControlNet/NoobE/NoobE_MangaLine.sh,ControlNet,huggingface_download,,,Eugeoter/noob-sdxl-controlnet-manga_line,,ControlNet/NoobE,huggingface_download.sh,NoobE_MangaLine.safetensors,Eugeoter/noob-sdxl-controlnet-manga_line,diffusion_pytorch_model.fp16.safetensors,,standard
ControlNet/NoobE/NoobE_NormalMidas.sh,ControlNet,huggingface_download,,,Eugeoter/noob-sdxl-controlnet-normal,,ControlNet/NoobE,huggingface_download.sh,NoobE_NormalMidas.safetensors,Eugeoter/noob-sdxl-controlnet-normal,diffusion_pytorch_model.fp16.safetensors,,standard
ControlNet/NoobE/NoobE_Openpose_pre.sh,ControlNet,huggingface_download,,,Laxhar/noob_openpose,,ControlNet/NoobE,huggingface_download.sh,NoobE_Openpose_pre.safetensors,Laxhar/noob_openpose,openpose_pre.safetensors,,standard
ControlNet/NoobE/NoobE_ScribbleHed.sh,ControlNet,huggingface_download,,,Eugeoter/noob-sdxl-controlnet-scribble_hed,,ControlNet/NoobE,huggingface_download.sh,NoobE_ScribbleHed.safetensors,Eugeoter/noob-sdxl-controlnet-scribble_hed,diffusion_pytorch_model.fp16.safetensors,,standard
ControlNet/NoobE/NoobE_ScribblePidinet.sh,ControlNet,huggingface_download,,,Eugeoter/noob-sdxl-controlnet-scribble_pidinet,,ControlNet/NoobE,huggingface_download.sh,NoobE_ScribblePidinet.safetensors,Eugeoter/noob-sdxl-controlnet-scribble_pidinet,diffusion_pytorch_model.fp16.safetensors,,standard
ControlNet/NoobE/NoobE_SoftedgeHed.sh,ControlNet,huggingface_download,,,Eugeoter/noob-sdxl-controlnet-softedge_hed,,ControlNet/NoobE,huggingface_download.sh,NoobE_SoftedgeHed.safetensors,Eugeoter/noob-sdxl-controlnet-softedge_hed,diffusion_pytorch_model.fp16.safetensors,,standard
ControlNet/NoobE/NoobE_Tile.sh,ControlNet,huggingface_download,,,Eugeoter/noob-sdxl-controlnet-tile,,ControlNet/NoobE,huggingface_download.sh,NoobE_Tile.safetensors,Eugeoter/noob-sdxl-controlnet-tile,diffusion_pytorch_model.fp16.safetensors,,minimum;standard
ControlNet/Pony/AnyTest_PonyDim256_v40.sh,ControlNet,huggingface_download,,,2vXpSwA7/iroiro-lora,,ControlNet/Pony,huggingface_download.sh,AnyTest_PonyDim256_v40.safetensors,2vXpSwA7/iroiro-lora,test_controlnet2/CN-anytest_v4-marged_pn_dim256.safetensors,,
ControlNet/Sdxl/AnyTest_Dim64_v10.sh,ControlNet,huggingface_download,,,2vXpSwA7/iroiro-lora,,ControlNet/Sdxl,huggingface_download.sh,AnyTest_Dim64_v10.safetensors,2vXpSwA7/iroiro-lora,test_controlnet/CN-anytest_v1_dim64.safetensors,,minimum;standard
ControlNet/Sdxl/Inpaint_Kataragi.sh,ControlNet,huggingface_download,,,kataragi/controlnetXL_inpaint,,ControlNet/Sdxl,huggingface_download.sh,Inpaint_Kataragi.safetensors,kataragi/controlnetXL_inpaint,Kataragi_inpaintXL-lora128.safetensors,,minimum;standard
ESRGAN/2x-AnimeSharpV4_Fast_RCAN_PU.sh,ESRGAN,huggingface_download,,,Kim2091/2x-AnimeSharpV4,,ESRGAN,huggingface_download.sh,2x-AnimeSharpV4_Fast_RCAN_PU.safetensors,Kim2091/2x-AnimeSharpV4,,,minimum;standard
ESRGAN/2x-AnimeSharpV4_RCAN.sh,ESRGAN,huggingface_download,,,Kim2091/2x-AnimeSharpV4,,ESRGAN,huggingface_download.sh,2x-AnimeSharpV4_RCAN.safetensors,Kim2091/2x-AnimeSharpV4,,,minimum;standard
ESRGAN/4x-AnimeSharp.sh,ESRGAN,huggingface_download,,,Zuntan/dist,,ESRGAN,huggingface_download.sh,4x-AnimeSharp.pth,Zuntan/dist,,,minimum;standard
ESRGAN/4x-UltraSharp.sh,ESRGAN,huggingface_download,,,Zuntan/dist,,ESRGAN,huggingface_download.sh,4x-UltraSharp.pth,Zuntan/dist,,,minimum;standard
ESRGAN/4x-UltraSharpV2.sh,ESRGAN,huggingface_download,,,Kim2091/UltraSharpV2,,ESRGAN,huggingface_download.sh,4x-UltraSharpV2.safetensors,Kim2091/UltraSharpV2,,,minimum;standard
ESRGAN/4x-UltraSharpV2_Lite.sh,ESRGAN,huggingface_download,,,Kim2091/UltraSharpV2,,ESRGAN,huggingface_download.sh,4x-UltraSharpV2_Lite.safetensors,Kim2091/UltraSharpV2,,,minimum;standard
ESRGAN/4x_foolhardy_Remacri.sh,ESRGAN,huggingface_download,,,Zuntan/dist,,ESRGAN,huggingface_download.sh,4x_foolhardy_Remacri.pth,Zuntan/dist,,,minimum;standard
Lora/Illu_Char/Takopī_no_Genzai.sh,Lora,civitai_download,1723447,1950373,,,Lora/Illu_Char,civitai_download.sh,Takopī_no_Genzai.safetensors,1723447,1950373,,
Lora/Illu_Nsfw/OneFingerSelfieChallenge_Illu.sh,Lora,civitai_download,1034405,1160176,,,Lora/Illu_Nsfw,civitai_download.sh,OneFingerSelfieChallenge_Illu.safetensors,1034405,1160176,,
Lora/NoobE_Char/ApoHotel_Yahiyo_v10.sh,Lora,civitai_download,1532948,1734442,,,Lora/NoobE_Char,civitai_download.sh,ApoHotel_Yahiyo_v10.safetensors,1532948,1734442,,standard
Lora/NoobE_Char/GquxAmateYuzuriha2Outfits_v20.sh,Lora,civitai_download,1407126,1593642,,,Lora/NoobE_Char,civitai_download.sh,GquxAmateYuzuriha2Outfits_v20.safetensors,1407126,1593642,,standard
Lora/NoobE_Char/GquxAmateYuzuriha_v10.sh,Lora,civitai_download,1009768,1131846,,,Lora/NoobE_Char,civitai_download.sh,GquxAmateYuzuriha_v10.safetensors,1009768,1131846,,standard
Lora/NoobE_Char/Gqux_GQ_bull_v10.sh,Lora,civitai_download,1479368,1673317,,,Lora/NoobE_Char,civitai_download.sh,Gqux_GQ_bull_v10.safetensors,1479368,1673317,,standard
Lora/NoobE_Char/Gqux_LalahSune_v10.sh,Lora,civitai_download,1646974,1864136,,,Lora/NoobE_Char,civitai_download.sh,Gqux_LalahSune_v10.safetensors,1646974,1864136,,standard
Lora/NoobE_Char/Gqux_Nyaan6Outfits_v10.sh,Lora,civitai_download,1633678,1849167,,,Lora/NoobE_Char,civitai_download.sh,Gqux_Nyaan6Outfits_v10.safetensors,1633678,1849167,,standard
Lora/NoobE_Char/Gqux_comoli_v10.sh,Lora,civitai_download,1585450,1794112,,,Lora/NoobE_Char,civitai_download.sh,Gqux_comoli_v10.safetensors,1585450,1794112,,standard
Lora/NoobE_Char/Gqux_kyciliazabi_v10.sh,Lora,civitai_download,1605220,1816511,,,Lora/NoobE_Char,civitai_download.sh,Gqux_kyciliazabi_v10.safetensors,1605220,1816511,,standard
Lora/NoobE_Char/Gqux_moudounattemoiiya_v10.sh,Lora,civitai_download,1461531,1652794,,,Lora/NoobE_Char,civitai_download.sh,Gqux_moudounattemoiiya_v10.safetensors,1461531,1652794,,standard
Lora/NoobE_Char/Gqux_nyaan_v01.sh,Lora,civitai_download,1033305,1158931,,,Lora/NoobE_Char,civitai_download.sh,Gqux_nyaan_v01.safetensors,1033305,1158931,,standard
Lora/NoobE_Char/Gqux_shiiko_gelgoog_v10.sh,Lora,civitai_download,1531924,1733305,,,Lora/NoobE_Char,civitai_download.sh,Gqux_shiiko_gelgoog_v10.safetensors,1531924,1733305,,standard
Lora/NoobE_Char/Gqux_simusalbakharov_v10.sh,Lora,civitai_download,1580308,1788325,,,Lora/NoobE_Char,civitai_download.sh,Gqux_simusalbakharov_v10.safetensors,1580308,1788325,,standard
Lora/NoobE_Char/Medalist_HikaruKamisaki_v10.sh,Lora,civitai_download,1127871,1339434,,,Lora/NoobE_Char,civitai_download.sh,Medalist_HikaruKamisaki_v10.safetensors,1127871,1339434,,standard
Lora/NoobE_Char/Medalist_YuitsukaInori_v09.sh,Lora,civitai_download,1128520,1268547,,,Lora/NoobE_Char,civitai_download.sh,Medalist_YuitsukaInori_v09.safetensors,1128520,1268547,,standard
Lora/NoobE_Char/Medalist_v10.sh,Lora,civitai_download,1198597,1349662,,,Lora/NoobE_Char,civitai_download.sh,Medalist_v10.safetensors,1198597,1349662,,standard
Lora/NoobE_Nsfw/XRayGlasses_v11.sh,Lora,civitai_download,177451,1391141,,,Lora/NoobE_Nsfw,civitai_download.sh,XRayGlasses_v11.safetensors,177451,1391141,,standard
Lora/NoobE_Style/DoujinshiBooba.sh,Lora,civitai_download,142674,1385663,,,Lora/NoobE_Style,civitai_download.sh,DoujinshiBooba.safetensors,142674,1385663,,standard
Lora/NoobE_Style/DungeonSquadStyle_v30.sh,Lora,civitai_download,486237,1399376,,,Lora/NoobE_Style,civitai_download.sh,DungeonSquadStyle_v30.safetensors,486237,1399376,,standard
Lora/NoobE_Style/NoobEStylesCollection.sh,Lora,civitai_download,808215,962629,,,Lora/NoobE,civitai_download.sh,NoobEStylesCollection.safetensors,808215,962629,,standard
Lora/NoobE_Style/NoobEStylesDump.sh,Lora,civitai_download,723360,1031052,,,Lora/NoobE,civitai_download.sh,NoobEStylesDump.safetensors,723360,1031052,,standard
Lora/NoobV_Style/NoobVStylesCollection.sh,Lora,civitai_download,808215,975316,,,Lora/NoobV,civitai_download.sh,NoobVStylesCollection.safetensors,808215,975316,,standard
Lora/NoobV_Style/NoobVStylesDump.sh,Lora,civitai_download,723360,1047814,,,Lora/NoobV,civitai_download.sh,NoobVStylesDump.safetensors,723360,1047814,,standard
Lora/Noob_Boost/NoobV065sHyperDmd.sh,Lora,huggingface_download,,,Zuntan/NoobHyperDmd,,Lora/Noob_Boost,huggingface_download.sh,NoobV065sHyperDmd.safetensors,Zuntan/NoobHyperDmd,,,minimum;standard
Lora/Noob_Bundle/Emanon.sh,Lora,huggingface_hub_download,,,Emanon14/LoRA,,Lora/Noob_Emanon,huggingface_hub_download.sh,Emanon14/LoRA,model,*,,
Lora/Noob_Bundle/MokyuLeco.sh,Lora,huggingface_hub_download,,,mokyu2106/iroiro_data,,Lora/MokyuLeco,huggingface_hub_download.sh,mokyu2106/iroiro_data,dataset,LECO/illustriosXL_01/**,,
Lora/Noob_Bundle/Nashikone.sh,Lora,huggingface_hub_download,,,nashikone/iroiroLoRA,,Lora/Nashikone,huggingface_hub_download.sh,nashikone/iroiroLoRA,model,Illustrious-XL-v0.1/**,,
Lora/Noob_Bundle/songMixLeco.sh,Lora,huggingface_hub_download,,,yyy1026/songMix,,Lora/songMixLeco,huggingface_hub_download.sh,yyy1026/songMix,model,*_LECO/**,,
Lora/Sdxl_Boost/Hyper_sdxl_8step.sh,Lora,huggingface_download,,,ByteDance/Hyper-SD,,Lora/Sdxl_Boost,huggingface_download.sh,Hyper_sdxl_8step.safetensors,ByteDance/Hyper-SD,Hyper-SDXL-8steps-lora.safetensors,,minimum;standard
Lora/Sdxl_Boost/dmd2_sdxl_4step.sh,Lora,huggingface_download,,,tianweiy/DMD2,,Lora/Sdxl_Boost,huggingface_download.sh,dmd2_sdxl_4step.safetensors,tianweiy/DMD2,dmd2_sdxl_4step_lora_fp16.safetensors,,minimum;standard
Stable-diffusion/Illu/OneObsession_v14.sh,Stable-diffusion,civitai_download,1318945,1897112,,,Stable-diffusion/Illu,civitai_download.sh,OneObsession_v14.safetensors,1318945,1897112,,
Stable-diffusion/Illu/Quillworks_v15.sh,Stable-diffusion,huggingface_download,,,Shakker-Labs/Illustrious-Quillworks-V15,,Stable-diffusion/Illu,huggingface_download.sh,Quillworks_v15.safetensors,Shakker-Labs/Illustrious-Quillworks-V15,QuillworksIllustrious_QuillworksV15.safetensors,,
Stable-diffusion/Illu/SmoothMixIlluNoob_v30.sh,Stable-diffusion,civitai_download,1695253,1918601,,,Stable-diffusion/Illu,civitai_download.sh,SmoothMixIlluNoob_v30.safetensors,1695253,1918601,,
Stable-diffusion/Illu/TanemoMix_v40.sh,Stable-diffusion,civitai_download,1297977,1754256,,,Stable-diffusion/Illu,civitai_download.sh,TanemoMix_v40.safetensors,1297977,1754256,,
Stable-diffusion/Illu/WaiNsfw_v15.sh,Stable-diffusion,civitai_download,827184,2167369,,,Stable-diffusion/Illu,civitai_download.sh,WaiNsfw_v15.safetensors,827184,2167369,,
Stable-diffusion/Illu/botan_v30.sh,Stable-diffusion,huggingface_download,,,KKTT8823/botan_illustrious,,Stable-diffusion/Illu,huggingface_download.sh,botan_v30.safetensors,KKTT8823/botan_illustrious,botan_illustrious2_V3_0.safetensors,,
Stable-diffusion/Illu/copycatIllu_v70.sh,Stable-diffusion,huggingface_download,,,calculater/copycat-illustrious,,Stable-diffusion/Illu,huggingface_download.sh,copycatIllu_v70.safetensors,calculater/copycat-illustrious,copycat-illustrious_v7.0.safetensors,,
Stable-diffusion/Illu/dupliCatFlat_v10.sh,Stable-diffusion,huggingface_download,,,calculater/dupli-cat_flat,,Stable-diffusion/Illu,huggingface_download.sh,dupliCatFlat_v10.safetensors,calculater/dupli-cat_flat,dupli-cat_flat_illustrious_v1.0.safetensors,,
Stable-diffusion/Illu/illustrious_v20.sh,Stable-diffusion,huggingface_download,,,OnomaAIResearch/Illustrious-XL-v2.0,,Stable-diffusion/Illu,huggingface_download.sh,illustrious_v20.safetensors,OnomaAIResearch/Illustrious-XL-v2.0,Illustrious-XL-v2.0.safetensors,,
Stable-diffusion/Illu/songMix_v34.sh,Stable-diffusion,huggingface_download,,,yyy1026/songMix,,Stable-diffusion/Illu,huggingface_download.sh,songMix_v34.safetensors,yyy1026/songMix,songMix_v3.x/songMix_v3.4.safetensors,,
Stable-diffusion/NoobE/AniKawa.sh,Stable-diffusion,civitai_download,1282887,1447392,,,Stable-diffusion/NoobE,civitai_download.sh,AniKawa.safetensors,1282887,1447392,,standard
Stable-diffusion/NoobE/CatTower_v12.sh,Stable-diffusion,civitai_download,920709,1431383,,,Stable-diffusion/NoobE,civitai_download.sh,CatTower_v12.safetensors,920709,1431383,,standard
Stable-diffusion/NoobE/CottonIllustrious_v20.sh,Stable-diffusion,civitai_download,1432671,1723424,,,Stable-diffusion/NoobE,civitai_download.sh,CottonIllustrious_v20.safetensors,1432671,1723424,,standard
Stable-diffusion/NoobE/CottonNoob_v30.sh,Stable-diffusion,civitai_download,1259226,1640470,,,Stable-diffusion/NoobE,civitai_download.sh,CottonNoob_v30.safetensors,1259226,1640470,,standard
Stable-diffusion/NoobE/CuteNoobAI_v10.sh,Stable-diffusion,civitai_download,946076,1059243,,,Stable-diffusion/NoobE,civitai_download.sh,CuteNoobAI_v10.safetensors,946076,1059243,,standard
Stable-diffusion/NoobE/HarmoniqMixSpoE_v11.sh,Stable-diffusion,huggingface_download,,,hybskgks28275/HarmoniqMix_ePred_v1.x,,Stable-diffusion/NoobE,huggingface_download.sh,HarmoniqMixSpoE_v11.safetensors,hybskgks28275/HarmoniqMix_ePred_v1.x,HarmoniqMix_ePred_v11_SPO/HarmoniqMix_ePred_v11_SPO.safetensors,,minimum;standard
Stable-diffusion/NoobE/LibrasIllustriousXL_v50.sh,Stable-diffusion,civitai_download,827460,1573516,,,Stable-diffusion/NoobE,civitai_download.sh,LibrasIllustriousXL_v50.safetensors,827460,1573516,,standard
Stable-diffusion/NoobE/LuminarQMixE_v71.sh,Stable-diffusion,civitai_download,1616309,1888068,,,Stable-diffusion/NoobE,civitai_download.sh,LuminarQMixE_v71.safetensors,1616309,1888068,,standard
Stable-diffusion/NoobE/NonameMixL_v11.sh,Stable-diffusion,huggingface_download,,,Emanon14/NONAMEmix_v1,,Stable-diffusion/NoobE,huggingface_download.sh,NonameMixL_v11.safetensors,Emanon14/NONAMEmix_v1,NONAMEmix_v11_L.safetensors,,standard
Stable-diffusion/NoobE/NonameMix_v11.sh,Stable-diffusion,huggingface_download,,,Emanon14/NONAMEmix_v1,,Stable-diffusion/NoobE,huggingface_download.sh,NonameMix_v11.safetensors,Emanon14/NONAMEmix_v1,NONAMEmix_v11.safetensors,,standard
Stable-diffusion/NoobE/NovaAnime_v60.sh,Stable-diffusion,civitai_download,376130,1610231,,,Stable-diffusion/NoobE,civitai_download.sh,NovaAnime_v60.safetensors,376130,1610231,,standard
Stable-diffusion/NoobE/NtrMix_vXIII.sh,Stable-diffusion,civitai_download,926443,1166878,,,Stable-diffusion/NoobE,civitai_download.sh,NtrMix_vXIII.safetensors,926443,1166878,,standard
Stable-diffusion/NoobE/Obsession_v31.sh,Stable-diffusion,civitai_download,820208,1136462,,,Stable-diffusion/NoobE,civitai_download.sh,Obsession_v31.safetensors,820208,1136462,,standard
Stable-diffusion/NoobE/PersonalMerge_v30.sh,Stable-diffusion,civitai_download,835655,1023901,,,Stable-diffusion/NoobE,civitai_download.sh,PersonalMerge_v30.safetensors,835655,1023901,,standard
Stable-diffusion/NoobE/SmoothMixNoob_v30.sh,Stable-diffusion,civitai_download,1695247,1918596,,,Stable-diffusion/NoobE,civitai_download.sh,SmoothMixNoob_v30.safetensors,1695247,1918596,,standard
Stable-diffusion/NoobE/TanemoMix_v20.sh,Stable-diffusion,civitai_download,1297977,1535992,,,Stable-diffusion/NoobE,civitai_download.sh,TanemoMix_v20_LCM_DDIM.safetensors,1297977,1535992,,standard
Stable-diffusion/NoobE/WaiShuffleNoob_v20.sh,Stable-diffusion,civitai_download,989367,1195593,,,Stable-diffusion/NoobE,civitai_download.sh,WaiShuffleNoob_v20.safetensors,989367,1195593,,standard
Stable-diffusion/NoobE/copycatNoob_v11.sh,Stable-diffusion,huggingface_download,,,calculater/copycat-noob,,Stable-diffusion/NoobE,huggingface_download.sh,copycatNoob_v11.safetensors,calculater/copycat-noob,copycat-noob_v1.1.fp16.safetensors,,minimum;standard
Stable-diffusion/NoobE/illusobXl_v10.sh,Stable-diffusion,civitai_download,916130,1025392,,,Stable-diffusion/NoobE,civitai_download.sh,illusobXl_v10.safetensors,916130,1025392,,standard
Stable-diffusion/NoobE/lillyMix_v11.sh,Stable-diffusion,huggingface_download,,,yyy1026/songMix,,Stable-diffusion/NoobE,huggingface_download.sh,lillyMix_v11.safetensors,yyy1026/songMix,lillyMix_v1.1.safetensors,,standard
Stable-diffusion/NoobE/momiziNoob_v31.sh,Stable-diffusion,huggingface_download,,,KKTT8823/momizi_Noob,,Stable-diffusion/NoobE,huggingface_download.sh,momiziNoob_v31.safetensors,KKTT8823/momizi_Noob,momizi_Noob_V3_1.safetensors,,standard
Stable-diffusion/NoobE/plumMix_v10.sh,Stable-diffusion,civitai_download,1575671,1783043,,,Stable-diffusion/NoobE,civitai_download.sh,plumMix_v10.safetensors,1575671,1783043,,standard
Stable-diffusion/NoobE/songMix_v32.sh,Stable-diffusion,huggingface_download,,,yyy1026/songMix,,Stable-diffusion/NoobE,huggingface_download.sh,songMix_v32.safetensors,yyy1026/songMix,songMix_v3.2.safetensors,,standard
Stable-diffusion/NoobE/susamix_v10.sh,Stable-diffusion,civitai_download,944769,1057750,,,Stable-diffusion/NoobE,civitai_download.sh,susamix_v10.safetensors,944769,1057750,,standard
Stable-diffusion/NoobE/viviMix_v12.sh,Stable-diffusion,huggingface_download,,,yyy1026/songMix,,Stable-diffusion/NoobE,huggingface_download.sh,viviMix_v12.safetensors,yyy1026/songMix,viviMix_v1.2.safetensors,,standard
Stable-diffusion/NoobE_Base/NoobAiEpsilonPred_v11.sh,Stable-diffusion,huggingface_download,,,Laxhar/noobai-XL-1.1,,Stable-diffusion/NoobE_Base,huggingface_download.sh,NoobAiEpsilonPred_v11.safetensors,Laxhar/noobai-XL-1.1,NoobAI-XL-v1.1.safetensors,,standard
Stable-diffusion/NoobE_Real/DivingIL_RealAsian_v20.sh,Stable-diffusion,civitai_download,1562047,1778467,,,Stable-diffusion/NoobE_Real,civitai_download.sh,DivingIL_RealAsian_v20_LCM_Beta.safetensors,1562047,1778467,,standard
Stable-diffusion/NoobE_Real/Featureless25DMix_v20.sh,Stable-diffusion,civitai_download,1133674,1795934,,,Stable-diffusion/NoobE_Real,civitai_download.sh,Featureless25DMix_v20.safetensors,1133674,1795934,,standard
Stable-diffusion/NoobE_Real/PornMasterPro_v25.sh,Stable-diffusion,civitai_download,1045588,1585993,,,Stable-diffusion/NoobE_Real,civitai_download.sh,PornMasterPro_v25.safetensors,1045588,1585993,,standard
Stable-diffusion/NoobE_Real/UncannyValley_v10_LcmPolyexp.sh,Stable-diffusion,civitai_download,507472,1413921,,,Stable-diffusion/NoobE_Real,civitai_download.sh,UncannyValley_v10_LcmPolyexp.safetensors,507472,1413921,,standard
Stable-diffusion/NoobE_Unique/NovaFurry_v50.sh,Stable-diffusion,civitai_download,503815,1513134,,,Stable-diffusion/NoobE_Unique,civitai_download.sh,NovaFurry_v50.safetensors,503815,1513134,,standard
Stable-diffusion/NoobE_Unique/PVCStyleModelMovable_v13a.sh,Stable-diffusion,civitai_download,338712,1438553,,,Stable-diffusion/NoobE_Unique,civitai_download.sh,PVCStyleModelMovable_v13a.safetensors,338712,1438553,,standard
Stable-diffusion/NoobV/CatTowerV_v17.sh,Stable-diffusion,civitai_download,920709,1495826,,,Stable-diffusion/NoobV,civitai_download.sh,CatTowerV_v17.safetensors,920709,1495826,,minimum;standard
Stable-diffusion/NoobV/CottonNoob_v40.sh,Stable-diffusion,civitai_download,1259226,1830361,,,Stable-diffusion/NoobV,civitai_download.sh,CottonNoob_v40.safetensors,1259226,1830361,,standard
Stable-diffusion/NoobV/ElMichael_v10.sh,Stable-diffusion,huggingface_download,,,deadman44/SDXL_Anime_Merged_Models,,Stable-diffusion/NoobV,huggingface_download.sh,ElMichael_v10.safetensors,deadman44/SDXL_Anime_Merged_Models,El_Michael_XL_Vpred_v1_no_dmd2.safetensors,,standard
Stable-diffusion/NoobV/HarmoniqMixSpo_v30.sh,Stable-diffusion,huggingface_download,,,hybskgks28275/HarmoniqMix_vPred_v3.x,,Stable-diffusion/NoobV,huggingface_download.sh,HarmoniqMixSpo_v30.safetensors,hybskgks28275/HarmoniqMix_vPred_v3.x,HarmoniqMix_vPred_v3_SPO/HarmoniqMix_vPred_v3_SPO.safetensors,,minimum;standard
Stable-diffusion/NoobV/HikariNoob_v121.sh,Stable-diffusion,huggingface_download,,,RedRayz/hikari_noob_v-pred_1.2.1,,Stable-diffusion/NoobV,huggingface_download.sh,HikariNoob_v121.safetensors,RedRayz/hikari_noob_v-pred_1.2.1,Hikari_Noob_v-pred_1.2.1.safetensors,,standard
Stable-diffusion/NoobV/LuminarQMixV_v71.sh,Stable-diffusion,civitai_download,1616309,1888125,,,Stable-diffusion/NoobV,civitai_download.sh,LuminarQMixV_v71.safetensors,1616309,1888125,,standard
Stable-diffusion/NoobV/ObsessionV_v20.sh,Stable-diffusion,civitai_download,820208,2234052,,,Stable-diffusion/NoobV,civitai_download.sh,ObsessionV_v20.safetensors,820208,2234052,,standard
Stable-diffusion/NoobV/WaiShuffleNoobV_v20.sh,Stable-diffusion,civitai_download,989367,1494366,,,Stable-diffusion/NoobV,civitai_download.sh,WaiShuffleNoobV_v20.safetensors,989367,1494366,,standard
Stable-diffusion/NoobV/copycatNoobV_v101.sh,Stable-diffusion,huggingface_download,,,calculater/copycat-noob,,Stable-diffusion/NoobV,huggingface_download.sh,copycatNoobV_v101.safetensors,calculater/copycat-noob,Copycat-noob_vpred_v1.01.safetensors,,standard
Stable-diffusion/NoobV/illusobV_v165s.sh,Stable-diffusion,civitai_download,916130,1094356,,,Stable-diffusion/NoobV,civitai_download.sh,illusobV_v165s.safetensors,916130,1094356,,standard
Stable-diffusion/NoobV/susamixEX_v02.sh,Stable-diffusion,civitai_download,1125348,1821137,,,Stable-diffusion/NoobV,civitai_download.sh,susamixEX_v02.safetensors,1125348,1821137,,standard
Stable-diffusion/NoobV/susamixV_v40.sh,Stable-diffusion,civitai_download,944769,1145390,,,Stable-diffusion/NoobV,civitai_download.sh,susamixV_v40.safetensors,944769,1145390,,standard
Stable-diffusion/NoobV_Base/NoobAiVPred_v10.sh,Stable-diffusion,huggingface_download,,,Laxhar/noobai-XL-Vpred-1.0,,Stable-diffusion/NoobV_Base,huggingface_download.sh,NoobAiVPred_v10.safetensors,Laxhar/noobai-XL-Vpred-1.0,NoobAI-XL-Vpred-v1.0.safetensors,,standard
Stable-diffusion/NoobV_Real/ZipanoobDmd_v11.sh,Stable-diffusion,huggingface_download,,,deadman44/SDXL_Photoreal_Merged_Models,,Stable-diffusion/NoobV_Real,huggingface_download.sh,ZipanoobDmd_v11.safetensors,deadman44/SDXL_Photoreal_Merged_Models,Zipanoob_XL_Vpred_v1.1.safetensors,,standard
Stable-diffusion/NoobV_Unique/CopycatMr_v10.sh,Stable-diffusion,civitai_download,894218,1331523,,,Stable-diffusion/NoobV_Unique,civitai_download.sh,CopycatMr_v10.safetensors,894218,1331523,,standard
Stable-diffusion/NoobV_Unique/PVCStyleModelMovableV_v10.sh,Stable-diffusion,civitai_download,338712,1223484,,,Stable-diffusion/NoobV_Unique,civitai_download.sh,PVCStyleModelMovableV_v10.safetensors,338712,1223484,,standard
Stable-diffusion/RouWeiE/CalicoCatTower_v20.sh,Stable-diffusion,civitai_download,1294336,1860525,,,Stable-diffusion/RouWeiE,civitai_download.sh,CalicoCatTower_v20.safetensors,1294336,1860525,,
Stable-diffusion/RouWeiE/RouWeiE_v08.sh,Stable-diffusion,civitai_download,950531,1832460,,,Stable-diffusion/RouWeiE,civitai_download.sh,RouWei_v08.safetensors,950531,1832460,,
Stable-diffusion/RowWeiV/RouWeiV_v08.sh,Stable-diffusion,civitai_download,950531,1882934,,,Stable-diffusion/RouWeiV,civitai_download.sh,RouWeiV_v08.safetensors,950531,1882934,,
VAE/Sdxl/AaaAnime_v15.sh,VAE,civitai_download,888145,1042046,,,VAE/Sdxl,civitai_download.sh,AaaAnime_v15.safetensors,888145,1042046,,standard
VAE/Sdxl/XlVaeC_f2.sh,VAE,civitai_download,152040,719135,,,VAE/Sdxl,civitai_download.sh,XlVaeC_f2.safetensors,152040,719135,,standard
VAE/Sdxl/sdxl_vae.sh,VAE,huggingface_download,,,madebyollin/sdxl-vae-fp16-fix,,VAE/Sdxl,huggingface_download.sh,sdxl_vae.safetensors,madebyollin/sdxl-vae-fp16-fix,,,standard
VAE/Sdxl/songVae_v10.sh,VAE,huggingface_download,,,yyy1026/songMix,,VAE/Sdxl,huggingface_download.sh,songVae_v10.safetensors,yyy1026/songMix,VAE_songVAE_v1.safetensors,,standard
adetailer/bbox/Eyeful_v2-Paired.sh,adetailer,civitai_download_unzip,178518,582143,,,adetailer/bbox,civitai_download_unzip.sh,Eyeful_v2-Paired.pt,178518,582143,,
adetailer/bbox/Eyes.sh,adetailer,civitai_download_unzip,150925,168820,,,adetailer/bbox,civitai_download_unzip.sh,Eyes.pt,150925,168820,,
adetailer/bbox/face_yolov9c.sh,adetailer,huggingface_download,,,Bingsu/adetailer,,adetailer/bbox,huggingface_download.sh,face_yolov9c.pt,Bingsu/adetailer,,,minimum;standard
adetailer/bbox/female-breast-v4.7.sh,adetailer,civitai_download_unzip,138918,688769,,,adetailer/bbox,civitai_download_unzip.sh,female-breast-v4.7.pt,138918,688769,,
adetailer/bbox/foot_yolov8x_v2.sh,adetailer,huggingface_download,,,MonetEinsley/ADetailer_CM,,adetailer/bbox,huggingface_download.sh,foot_yolov8x_v2.pt,MonetEinsley/ADetailer_CM,,,minimum;standard
adetailer/bbox/hand_yolov9c.sh,adetailer,huggingface_download,,,Bingsu/adetailer,,adetailer/bbox,huggingface_download.sh,hand_yolov9c.pt,Bingsu/adetailer,,,minimum;standard
adetailer/bbox/lips_v1.sh,adetailer,civitai_download_unzip,142240,157700,,,adetailer/bbox,civitai_download_unzip.sh,lips_v1.pt,142240,157700,,
adetailer/bbox/nipples_yolov8s.sh,adetailer,civitai_download_unzip,490259,545161,,,adetailer/bbox,civitai_download_unzip.sh,nipples_yolov8s.pt,490259,545161,,
adetailer/bbox/penis.sh,adetailer,civitai_download_unzip,247561,279310,,,adetailer/bbox,civitai_download_unzip.sh,penis.pt,247561,279310,,
adetailer/bbox/penisV2.sh,adetailer,civitai_download_unzip,132388,149639,,,adetailer/bbox,civitai_download_unzip.sh,penisV2.pt,132388,149639,,
adetailer/bbox/pussyV2.sh,adetailer,civitai_download_unzip,132388,149617,,,adetailer/bbox,civitai_download_unzip.sh,pussyV2.pt,132388,149617,,
adetailer/bbox/pussy_best_v3.sh,adetailer,civitai_download_unzip,150234,167907,,,adetailer/bbox,civitai_download_unzip.sh,pussy_best_v3.pt,150234,167907,,
adetailer/bbox/vagina-v4.1.sh,adetailer,civitai_download_unzip,150872,484684,,,adetailer/bbox,civitai_download_unzip.sh,vagina-v4.1.pt,150872,484684,,
adetailer/segm/99coins_anime_girl_face_m_seg.sh,adetailer,civitai_download_unzip,1076050,1207975,,,adetailer/segm,civitai_download_unzip.sh,99coins_anime_girl_face_m_seg.pt,1076050,1207975,,
adetailer/segm/AnimeNsfw_v40.sh,adetailer,civitai_download_unzip,1313556,1863248,,,adetailer/segm,civitai_download_unzip.sh,ntd11_anime_nsfw_segm_v4_all.pt,1313556,1863248,,
adetailer/segm/AnzhcBreasts-v1-1024-seg.sh,adetailer,huggingface_download,,,Anzhc/Anzhcs_YOLOs,,adetailer/segm,huggingface_download.sh,AnzhcBreasts-v1-1024-seg.pt,Anzhc/Anzhcs_YOLOs,Anzhc Breasts Seg v1 1024m.pt,,minimum;standard
adetailer/segm/AnzhcEyes-seg.sh,adetailer,huggingface_download,,,Anzhc/Anzhcs_YOLOs,,adetailer/segm,huggingface_download.sh,AnzhcEyes-seg.pt,Anzhc/Anzhcs_YOLOs,Anzhc Eyes -seg-hd.pt,,minimum;standard
adetailer/segm/AnzhcFace-v2-1024-seg.sh,adetailer,huggingface_download,,,Anzhc/Anzhcs_YOLOs,,adetailer/segm,huggingface_download.sh,AnzhcFace-v2-1024-seg.pt,Anzhc/Anzhcs_YOLOs,Anzhc Face seg 1024 v2 y8n.pt,,minimum;standard
adetailer/segm/AnzhcFace-v2-640-seg.sh,adetailer,huggingface_download,,,Anzhc/Anzhcs_YOLOs,,adetailer/segm,huggingface_download.sh,AnzhcFace-v2-640-seg.pt,Anzhc/Anzhcs_YOLOs,Anzhc Face seg 640 v2 y8n.pt,,minimum;standard
adetailer/segm/AnzhcFace-v2-768MS-seg.sh,adetailer,huggingface_download,,,Anzhc/Anzhcs_YOLOs,,adetailer/segm,huggingface_download.sh,AnzhcFace-v2-768MS-seg.pt,Anzhc/Anzhcs_YOLOs,Anzhc Face seg 768MS v2 y8n.pt,,minimum;standard
adetailer/segm/AnzhcHead-seg.sh,adetailer,huggingface_download,,,Anzhc/Anzhcs_YOLOs,,adetailer/segm,huggingface_download.sh,AnzhcHead-seg.pt,Anzhc/Anzhcs_YOLOs,Anzhc HeadHair seg y8n.pt,,minimum;standard
adetailer/segm/AnzhcHeadHair-seg.sh,adetailer,huggingface_download,,,Anzhc/Anzhcs_YOLOs,,adetailer/segm,huggingface_download.sh,AnzhcHeadHair-seg.pt,Anzhc/Anzhcs_YOLOs,Anzhc HeadHair seg y8m.pt,,minimum;standard
adetailer/segm/PitEyeDetailer-v2-seg.sh,adetailer,civitai_download_unzip,334668,465360,,,adetailer/segm,civitai_download_unzip.sh,PitEyeDetailer-v2-seg.pt,334668,465360,,
adetailer/segm/PitHandDetailer-v1b-seg.sh,adetailer,huggingface_download,,,SDExplains/Adetailer,,adetailer/segm,huggingface_download.sh,PitHandDetailer-v1b-seg.pt,SDExplains/Adetailer,,,minimum;standard
adetailer/segm/breasts_seg.sh,adetailer,civitai_download_unzip,158108,177662,,,adetailer/segm,civitai_download_unzip.sh,breasts_seg.pt,158108,177662,,
adetailer/segm/nipples_yolov8s-seg.sh,adetailer,civitai_download_unzip,490259,863091,,,adetailer/segm,civitai_download_unzip.sh,nipples_yolov8s-seg.pt,490259,863091,,
adetailer/segm/panties_seg_v3a.sh,adetailer,civitai_download_unzip,988420,1604151,,,adetailer/segm,civitai_download_unzip.sh,panties_seg_v3a.pt,988420,1604151,,
wildcards/AdvancedWildcards.sh,wildcards,civitai_download_unzip,70930,75621,,,wildcards/Advanced,civitai_download_unzip.sh,50s-locations.txt,70930,75621,,
wildcards/AdvancedWildcards.sh,wildcards,civitai_download_unzip,91214,97211,,,wildcards/Advanced,civitai_download_unzip.sh,female-artisans.txt,91214,97211,,
wildcards/AdvancedWildcards.sh,wildcards,civitai_download_unzip,75246,79987,,,wildcards/Advanced,civitai_download_unzip.sh,female-guerilla-fighters.txt,75246,79987,,
wildcards/AdvancedWildcards.sh,wildcards,civitai_download_unzip,76968,81762,,,wildcards/Advanced,civitai_download_unzip.sh,maid-dresses-locations.txt,76968,81762,,
wildcards/AdvancedWildcards.sh,wildcards,civitai_download_unzip,70264,74962,,,wildcards/Advanced,civitai_download_unzip.sh,post-apocalyptic-locations.txt,70264,74962,,
wildcards/AdvancedWildcards.sh,wildcards,civitai_download_unzip,70905,75600,,,wildcards/Advanced,civitai_download_unzip.sh,science-fiction-locations.txt,70905,75600,,
wildcards/AdvancedWildcards.sh,wildcards,civitai_download_unzip,69537,74201,,,wildcards/Advanced,civitai_download_unzip.sh,WWII-locations.txt,69537,74201,,
wildcards/Booru1girl.sh,wildcards,civitai_download_unzip,813103,909241,,,wildcards,civitai_download_unzip.sh,Booru1girl.txt,813103,909241,,
wildcards/ExtremelyBeautiful.sh,wildcards,civitai_download_unzip,78026,82802,,,wildcards/ExtremelyBeautiful,civitai_download_unzip.sh,clothes.txt,78026,82802,,
wildcards/MixedStyle.sh,wildcards,civitai_download_unzip,924258,1034550,,,wildcards,civitai_download_unzip.sh,MixedStyle.txt,924258,1034550,,
wildcards/NsfwPony.sh,wildcards,civitai_download_unzip,438104,505027,,,wildcards,civitai_download_unzip.sh,NsfwPony,438104,505027,,
wildcards/noob_1girl.sh,wildcards,aria_download,,,,https://yyy.wpx.jp/EasyReforge/noob_1girl.txt,wildcards,aria_download.sh,noob_1girl.txt,https://yyy.wpx.jp/EasyReforge/noob_1girl.txt,,,minimum;standard
wildcards/tipo_1girl.sh,wildcards,aria_download,,,,https://yyy.wpx.jp/EasyReforge/tipo_1girl.txt,wildcards,aria_download.sh,tipo_1girl.txt,https://yyy.wpx.jp/EasyReforge/tipo_1girl.txt,,,minimum;standard
wildcards/tipo_location.sh,wildcards,aria_download,,,,https://yyy.wpx.jp/EasyReforge/tipo_location.txt,wildcards,aria_download.sh,tipo_location.txt,https://yyy.wpx.jp/EasyReforge/tipo_location.txt,,,minimum;standard
wildcards/tipo_play.sh,wildcards,aria_download,,,,https://yyy.wpx.jp/EasyReforge/tipo_play.txt,wildcards,aria_download.sh,tipo_play.txt,https://yyy.wpx.jp/EasyReforge/tipo_play.txt,,,minimum;standard
